https://www.latech.edu/
https://www.latech.edu/
https://www.latech.edu/about/
https://events.latech.edu/academic-calendar/
https://www.latech.edu/study-with-us/
https://www.latech.edu/study-with-us/undergraduate/
https://www.latech.edu/study-with-us/graduate/
https://iso.latech.edu/
https://www.latech.edu/honors/
https://www.latech.edu/study-with-us/air-force-rotc/
https://www.latech.edu/study-with-us/army-rotc/
https://www.latech.edu/admissions/
https://www.latech.edu/shreveport-bossier/
https://www.latech.edu/life-on-campus/
https://events.latech.edu/
https://www.latech.edu/current-students/first-year-experience/
https://www.latech.edu/life-on-campus/residential-life/
https://www.latech.edu/life-on-campus/intramural-sports-recreation/
https://www.latech.edu/student-organizations/
http://www.latechsports.com/
https://www.latech.edu/current-students/
https://www.latech.edu/current-students/academic-calendar/
https://www.latech.edu/current-students/tech-express/
https://www.latech.edu/student-advancement-affairs/
https://www.latech.edu/current-students/registrar-office/
https://www.latech.edu/current-students/financial-aid/
https://canvas.latech.edu/
https://www.facultyenlight.com/?storeNbr=8001
https://webmail.latech.edu/login.php?
https://gsuite.latech.edu/
https://login.microsoftonline.com/?whr=office.latech.edu
https://www.latech.edu/it-faq/
https://www.latech.edu/library/
https://digitalcommons.latech.edu
https://www.latech.edu/faculty-staff/
https://www.latech.edu/faculty-staff/center-for-instructional-technology/
https://www.latech.edu/faculty-staff/forms/
https://www.latech.edu/faculty-staff/canvas/
https://www.latech.edu/faculty-staff/tech-2020/
https://www.latech.edu/university-senate/
https://www.myworkday.com/ulsltu/d/home.htmld
https://webmail.latech.edu/
https://www.facultyenlight.com/?storeNbr=8001
https://canvas.latech.edu/
https://latech.zoom.us
https://mediasite.latech.edu/mediasite/mymediasite
https://sites.google.com/a/email.latech.edu/latech/
https://login.microsoftonline.com/?whr=office.latech.edu
https://cm.maxient.com/reportingform.php?LouisianaTech
https://www.latech.edu/it-faq/
https://www.latech.edu/research-innovation-enterprise/
https://www.latech.edu/research-innovation-enterprise/centers-of-excellence/
https://www.latech.edu/research-innovation-enterprise/intellectual-property/
https://www.latech.edu/research-innovation-enterprise/office-of-sponsored-projects/
https://www.latech.edu/research-innovation-enterprise/research-compliance/
http://www.latechsports.com/index-main.html
https://www.latechalumni.org/s/810/rd/home.aspx
https://latech.bncollege.com/?storeId=65097&catalogId=10001&langId=-1
https://ulsltu.wd1.myworkdayjobs.com/LATECHCareers?utm_source=link&utm_medium=website&utm_campaign=primary_sidebar
https://www.latech.edu/
https://www.latech.edu/admissions/
https://www.latechalumni.org/
https://ans.latech.edu/
https://ans.latech.edu/
https://ans.latech.edu/about/
https://ans.latech.edu/about/deans-welcome/
https://ans.latech.edu/graduate-programs/
https://ans.latech.edu/biological-sciences/events/
https://ans.latech.edu/agricultural-sciences-forestry/
https://ans.latech.edu/agricultural-sciences-forestry/agricultural-business/
https://ans.latech.edu/agricultural-sciences-forestry/agricultural-education/
https://ans.latech.edu/agricultural-sciences-forestry/animal-science/
https://ans.latech.edu/agricultural-sciences-forestry/forestry/
https://ans.latech.edu/agricultural-sciences-forestry/gis/
https://ans.latech.edu/agricultural-sciences-forestry/2-minors/
https://ans.latech.edu/agricultural-sciences-forestry/agricultural-sciences-and-forestry-personnel-directory/
https://ans.latech.edu/biological-sciences/
https://ans.latech.edu/biological-sciences/advising-resources/
https://ans.latech.edu/biological-sciences/biology/
https://ans.latech.edu/biological-sciences/certificates/
https://ans.latech.edu/biological-sciences/environmental-science/
https://ans.latech.edu/biological-sciences/medical-laboratory-science/
https://ans.latech.edu/biological-sciences/minors/
https://ans.latech.edu/biological-sciences/nutrition-and-dietetics-2/
https://ans.latech.edu/documents/2024/07/dietetic-internship-application-instructions.pdf/
https://ans.latech.edu/biological-sciences/graduate-programs/
https://ans.latech.edu/biological-sciences/graduate-programs/current-students/
https://ans.latech.edu/biological-sciences/graduate-programs/concurrent-enrollment/
https://ans.latech.edu/research-outreach/biological-research/
https://ans.latech.edu/documents/2019/01/bio-offerings.pdf/
https://ans.latech.edu/biological-sciences/biological-sciences-personnel-directory/
https://ans.latech.edu/school-of-communication-sciences-and-disorders/
https://ans.latech.edu/school-of-communication-sciences-and-disorders/audiology/
https://ans.latech.edu/school-of-communication-sciences-and-disorders/speech-language-pathology/
https://ans.latech.edu/health-informatics-information-management/
https://ans.latech.edu/health-informatics-information-management/undergraduate-programs/
https://ans.latech.edu/health-informatics-information-management/rural-health-administrative-support/
https://ans.latech.edu/health-informatics-information-management/graduate-programs/
https://ans.latech.edu/health-informatics-information-management/online-education/
https://ans.latech.edu/health-informatics-information-management/19413-2/
https://ans.latech.edu/health-informatics-information-management/hiim-personnel-directory/
https://ans.latech.edu/human-ecology/human-development-family-science/
https://ans.latech.edu/human-ecology/fashion-merchandising-and-retail-studies/
https://ans.latech.edu/biological-sciences/nutrition-and-dietetics-2/graduate-programs/
https://ans.latech.edu/human-ecology/outreach-centers/
https://ans.latech.edu/human-ecology/human-ecology-personnel-directory/
https://ans.latech.edu/nursing/
https://ans.latech.edu/nursing/undergraduate-programs/
https://ans.latech.edu/research-outreach/parkinsons-resource-center/
https://ans.latech.edu/nursing/nursing-personnel-directory/
https://ans.latech.edu/student-resources/
https://ans.latech.edu/student-resources/pre-med-pre-dent-advisory-committee/
https://ans.latech.edu/student-resources/scholarships/
https://ans.latech.edu/student-resources/student-organizations/
https://ans.latech.edu/student-resources/advising-resources/
https://ans.latech.edu/research-outreach/
https://ans.latech.edu/research-outreach/parkinsons-resource-center/
https://ans.latech.edu/research-outreach/tech-farm-labs/
https://ans.latech.edu/research-outreach/biological-research/
https://ans.latech.edu/human-ecology/outreach-centers/
https://ans.latech.edu/research-outreach/mini-travel-grants/
https://ans.latech.edu/faculty-staff-directory/
https://ans.latech.edu/news/
https://ans.latech.edu/news/students/
https://ans.latech.edu/news/alumni/
https://ans.latech.edu/alumni-development/
https://ans.latech.edu/faculty-resources/
https://ans.latech.edu/faculty-staff-directory/single-entry/name/jennifer-hollis/
mailto:jhollis@latech.edu
https://ans.latech.edu/faculty-staff-directory/single-entry/name/donna-hood/
mailto:dhood@latech.edu
https://ans.latech.edu/faculty-staff-directory/single-entry/name/penny-humphries/
mailto:penny@latech.edu
https://ans.latech.edu/faculty-staff-directory/single-entry/name/gary-kennedy/
mailto:kennedy@latech.edu
https://ans.latech.edu/faculty-staff-directory/single-entry/name/lori-mccullough/
mailto:lorim@latech.edu
https://ans.latech.edu/faculty-staff-directory/single-entry/name/joshua-adams/
mailto:adamsj@latech.edu
https://ans.latech.edu/faculty-staff-directory/single-entry/name/heidi-adams/
mailto:hadams@latech.edu
https://ans.latech.edu/faculty-staff-directory/single-entry/name/candace-cooper/
mailto:cwcooper@latech.edu
https://ans.latech.edu/faculty-staff-directory/single-entry/name/michael-crosby/
mailto:mcrosby@latech.edu
https://ans.latech.edu/faculty-staff-directory/single-entry/name/mickii-drake/
https://ans.latech.edu/faculty-staff-directory/single-entry/name/jennifer-futrell/
mailto:jenf@latech.edu
https://ans.latech.edu/faculty-staff-directory/single-entry/name/adam-handy/
https://ans.latech.edu/faculty-staff-directory/single-entry/name/a-gordon-holley/
mailto:gholley@latech.edu
https://ans.latech.edu/faculty-staff-directory/single-entry/name/maxwell-hyde/
mailto:mhyde@latech.edu
https://ans.latech.edu/faculty-staff-directory/single-entry/name/d-paul-jackson/
mailto:pjackson@latech.edu
https://ans.latech.edu/faculty-staff-directory/single-entry/name/roxie-jordan/
mailto:greenhouse@latech.edu
https://ans.latech.edu/faculty-staff-directory/single-entry/name/track-kavanaugh/
mailto:track@latech.edu
https://ans.latech.edu/faculty-staff-directory/single-entry/name/gary-kennedy/
mailto:kennedy@latech.edu
https://ans.latech.edu/faculty-staff-directory/single-entry/name/mark-murphey/
mailto:murphey@latech.edu
https://ans.latech.edu/faculty-staff-directory/single-entry/name/nan-nan/
mailto:nnan@latech.edu
https://ans.latech.edu/faculty-staff-directory/single-entry/name/carter-parks/
mailto:greenhouse@latech.edu
https://ans.latech.edu/faculty-staff-directory/single-entry/name/william-patterson/
mailto:wpatter@latech.edu
https://ans.latech.edu/faculty-staff-directory/single-entry/name/gorden-reger/
mailto:greger@latech.edu
https://ans.latech.edu/faculty-staff-directory/single-entry/name/kelsey-shoemaker/
https://ans.latech.edu/faculty-staff-directory/single-entry/name/barbara-still/
https://ans.latech.edu/faculty-staff-directory/single-entry/name/katie-welch/
https://ans.latech.edu/faculty-staff-directory/single-entry/name/dana-williams/
mailto:dana@latech.edu
https://ans.latech.edu/faculty-staff-directory/single-entry/name/shaoyang-yang/
mailto:syang@latech.edu
https://ans.latech.edu/faculty-staff-directory/single-entry/name/courtney-boothe/
mailto:cboothe@latech.edu
https://ans.latech.edu/faculty-staff-directory/single-entry/name/simone-camel/
mailto:camels@latech.edu
https://ans.latech.edu/faculty-staff-directory/single-entry/name/william-campbell/
mailto:campbell@latech.edu
https://ans.latech.edu/faculty-staff-directory/single-entry/name/julia-earl/
mailto:jearl@latech.edu
https://ans.latech.edu/faculty-staff-directory/single-entry/name/mary-fontenot/
mailto:maryf@latech.edu
https://ans.latech.edu/faculty-staff-directory/single-entry/name/rebecca-mcconnell/
mailto:rgiorno@latech.edu
https://ans.latech.edu/faculty-staff-directory/single-entry/name/johnathan-goertz/
mailto:jgo011@latech.edu
https://ans.latech.edu/faculty-staff-directory/single-entry/name/jennifer-hill/
mailto:jmhill@latech.edu
https://ans.latech.edu/faculty-staff-directory/single-entry/name/rebecca-hodnett/
mailto:rmhod@latech.edu
https://ans.latech.edu/faculty-staff-directory/single-entry/name/vanessa-johnson/
mailto:vjohnson@latech.edu
https://ans.latech.edu/faculty-staff-directory/single-entry/name/becky-kaase/
mailto:rkaase@latech.edu
https://ans.latech.edu/faculty-staff-directory/single-entry/name/kyle-kemege/
mailto:kkemege@latech.edu
https://ans.latech.edu/faculty-staff-directory/single-entry/name/juliana-kemege/
mailto:jkemege@latech.edu
https://ans.latech.edu/faculty-staff-directory/single-entry/name/qaweeyat-kolawole-aresa/
mailto:kolawole@latech.edu
https://ans.latech.edu/faculty-staff-directory/single-entry/name/terri-maness/
mailto:tmaness@latech.edu
https://ans.latech.edu/faculty-staff-directory/single-entry/name/heather-mckenzie/
mailto:mckenzie@latech.edu
https://ans.latech.edu/faculty-staff-directory/single-entry/name/gergana-nestorova/
mailto:ggnestor@latech.edu
https://ans.latech.edu/faculty-staff-directory/single-entry/name/jamie-newman/
mailto:jjnewman@latech.edu
https://ans.latech.edu/faculty-staff-directory/single-entry/name/masood-sepehrimanesh/
mailto:masoods@latech.edu
https://ans.latech.edu/faculty-staff-directory/single-entry/name/deane-sheehan/
mailto:dsheehan@latech.edu
https://ans.latech.edu/faculty-staff-directory/single-entry/name/jeff-shultz/
mailto:jlshultz@latech.edu
https://ans.latech.edu/faculty-staff-directory/single-entry/name/joel-stake/
mailto:jstake@latech.edu
https://ans.latech.edu/faculty-staff-directory/single-entry/name/joshua-vandenbrink/
mailto:jpvdb@latech.edu
https://ans.latech.edu/faculty-staff-directory/single-entry/name/yuri-voziyanov/
mailto:voziyan@latech.edu
https://ans.latech.edu/faculty-staff-directory/single-entry/name/michael-wells/
mailto:mwells@latech.edu
https://ans.latech.edu/faculty-staff-directory/single-entry/name/james-jay-white/
mailto:jwhite@latech.edu
https://ans.latech.edu/faculty-staff-directory/single-entry/name/charlott-caraway/
mailto:ccaraway@latech.edu
https://ans.latech.edu/faculty-staff-directory/single-entry/name/laurie-kaffka/
mailto:lkaffka@latech.edu
https://ans.latech.edu/faculty-staff-directory/single-entry/name/kelsey-moeller/
mailto:kmoeller@latech.edu
https://ans.latech.edu/faculty-staff-directory/single-entry/name/julie-rutledge/
mailto:rutledge@latech.edu
https://ans.latech.edu/faculty-staff-directory/single-entry/name/jamie-bahm/
mailto:jbahm@latech.edu
https://ans.latech.edu/faculty-staff-directory/single-entry/name/lauren-colvin/
mailto:lcolvin@latech.edu
https://ans.latech.edu/faculty-staff-directory/single-entry/name/prerna-dua/
mailto:prerna@latech.edu
https://ans.latech.edu/faculty-staff-directory/single-entry/name/amanda-lewis/
mailto:alewis@latech.edu
https://ans.latech.edu/faculty-staff-directory/single-entry/name/meredith-nichols/
mailto:magee@latech.edu
https://ans.latech.edu/faculty-staff-directory/single-entry/name/michelle-martin/
mailto:Mmartin@latech.edu
https://ans.latech.edu/faculty-staff-directory/single-entry/name/harmony-patel/
mailto:hpatel@latech.edu
https://ans.latech.edu/faculty-staff-directory/single-entry/name/danyelle-johnson/
mailto:trae@latech.edu
https://ans.latech.edu/faculty-staff-directory/single-entry/name/joanna-ward/
mailto:jward@latech.edu
https://ans.latech.edu/faculty-staff-directory/single-entry/name/amanda-auttonberry/
mailto:amandaa@latech.edu
https://ans.latech.edu/faculty-staff-directory/single-entry/name/charlott-caraway/
mailto:ccaraway@latech.edu
https://ans.latech.edu/faculty-staff-directory/single-entry/name/angela-decoux/
mailto:adecoux@latech.edu
https://ans.latech.edu/faculty-staff-directory/single-entry/name/kathleen-heiden/
mailto:heidenk@latech.edu
https://ans.latech.edu/faculty-staff-directory/single-entry/name/penny-humphries/
mailto:penny@latech.edu
https://ans.latech.edu/faculty-staff-directory/single-entry/name/laurie-kaffka/
mailto:lkaffka@latech.edu
https://ans.latech.edu/faculty-staff-directory/single-entry/name/kelsey-moeller/
mailto:kmoeller@latech.edu
https://ans.latech.edu/faculty-staff-directory/single-entry/name/pam-rollins/
mailto:prollins@latech.edu
https://ans.latech.edu/faculty-staff-directory/single-entry/name/julie-rutledge/
mailto:rutledge@latech.edu
https://ans.latech.edu/faculty-staff-directory/single-entry/name/tonya-vandenbrink/
mailto:Vandenb@latech.edu
https://ans.latech.edu/faculty-staff-directory/single-entry/name/amy-yates/
mailto:yates@latech.edu
https://ans.latech.edu/faculty-staff-directory/single-entry/name/dewanna-blake/
mailto:dblake@latech.edu
https://ans.latech.edu/faculty-staff-directory/single-entry/name/rebecca-clark/
mailto:rclark@latech.edu
https://ans.latech.edu/faculty-staff-directory/single-entry/name/brittney-helton/
mailto:bhelt@latech.edu
https://ans.latech.edu/faculty-staff-directory/single-entry/name/donna-hood/
mailto:dhood@latech.edu
https://ans.latech.edu/faculty-staff-directory/single-entry/name/yolanda-hoof/
mailto:yhoof@latech.edu
https://ans.latech.edu/faculty-staff-directory/single-entry/name/norlyn-hyde-1/
mailto:nhyde@latech.edu
https://ans.latech.edu/faculty-staff-directory/single-entry/name/brittany-killins/
mailto:bkillins@latech.edu
https://ans.latech.edu/faculty-staff-directory/single-entry/name/melissa-madden/
mailto:melisama@latech.edu
https://ans.latech.edu/faculty-staff-directory/single-entry/name/patti-mcfadden/
mailto:pattim@latech.edu
https://ans.latech.edu/faculty-staff-directory/single-entry/name/sarah-mcvay/
mailto:smcvay@latech.edu
https://ans.latech.edu/faculty-staff-directory/single-entry/name/carol-owens/
mailto:cowens@latech.edu
https://ans.latech.edu/faculty-staff-directory/single-entry/name/sherry-peveto/
mailto:speveto@latech.edu
https://ans.latech.edu/faculty-staff-directory/single-entry/name/tara-haskins/
mailto:lpyles@latech.edu
https://ans.latech.edu/faculty-staff-directory/single-entry/name/sherrie-roberson/
mailto:sherrie@latech.edu
https://ans.latech.edu/faculty-staff-directory/single-entry/name/shawna-sampson/
mailto:ssampson@latech.edu
https://ans.latech.edu/faculty-staff-directory/single-entry/name/tanya-sims/
mailto:tsims@latech.edu
https://ans.latech.edu/faculty-staff-directory/single-entry/name/donna-snow/
mailto:dlsnow@latech.edu
https://www.latech.edu/admissions/
https://www.latech.edu/admissions/visit/
https://www.latech.edu/academic-programs/
https://ulsltu.wd1.myworkdayjobs.com/LATECHCareers?utm_source=link&utm_medium=website&utm_campaign=footer
https://www.latech.edu/contact/
https://cm.maxient.com/reportingform.php?LouisianaTech
https://titleix.latech.edu/data-publications/
https://www.facebook.com/latech/
https://www.instagram.com/louisianatech/
https://www.youtube.com/louisianatech/
https://twitter.com/latech/
https://www.latech.edu/
https://www.latech.edu/current-students/student-advancement-affairs/disability-services/
https://www.latech.edu/accessibility/
https://www.latech.edu/privacy/
https://www.latech.edu/eeo-statement/
https://titleix.latech.edu/
mailto:web@latech.edu
https://www.ulsystem.edu/
ans_end
https://www.latech.edu/
https://www.latech.edu/
https://www.latech.edu/about/
https://events.latech.edu/academic-calendar/
https://www.latech.edu/study-with-us/
https://www.latech.edu/study-with-us/undergraduate/
https://www.latech.edu/study-with-us/graduate/
https://iso.latech.edu/
https://www.latech.edu/honors/
https://www.latech.edu/study-with-us/air-force-rotc/
https://www.latech.edu/study-with-us/army-rotc/
https://www.latech.edu/admissions/
https://www.latech.edu/shreveport-bossier/
https://www.latech.edu/life-on-campus/
https://events.latech.edu/
https://www.latech.edu/current-students/first-year-experience/
https://www.latech.edu/life-on-campus/residential-life/
https://www.latech.edu/life-on-campus/intramural-sports-recreation/
https://www.latech.edu/student-organizations/
http://www.latechsports.com/
https://www.latech.edu/current-students/
https://www.latech.edu/current-students/academic-calendar/
https://www.latech.edu/current-students/tech-express/
https://www.latech.edu/student-advancement-affairs/
https://www.latech.edu/current-students/registrar-office/
https://www.latech.edu/current-students/financial-aid/
https://canvas.latech.edu/
https://www.facultyenlight.com/?storeNbr=8001
https://webmail.latech.edu/login.php?
https://gsuite.latech.edu/
https://login.microsoftonline.com/?whr=office.latech.edu
https://www.latech.edu/it-faq/
https://www.latech.edu/library/
https://digitalcommons.latech.edu
https://www.latech.edu/faculty-staff/
https://www.latech.edu/faculty-staff/center-for-instructional-technology/
https://www.latech.edu/faculty-staff/forms/
https://www.latech.edu/faculty-staff/canvas/
https://www.latech.edu/faculty-staff/tech-2020/
https://www.latech.edu/university-senate/
https://www.myworkday.com/ulsltu/d/home.htmld
https://webmail.latech.edu/
https://www.facultyenlight.com/?storeNbr=8001
https://canvas.latech.edu/
https://latech.zoom.us
https://mediasite.latech.edu/mediasite/mymediasite
https://sites.google.com/a/email.latech.edu/latech/
https://login.microsoftonline.com/?whr=office.latech.edu
https://cm.maxient.com/reportingform.php?LouisianaTech
https://www.latech.edu/it-faq/
https://www.latech.edu/research-innovation-enterprise/
https://www.latech.edu/research-innovation-enterprise/centers-of-excellence/
https://www.latech.edu/research-innovation-enterprise/intellectual-property/
https://www.latech.edu/research-innovation-enterprise/office-of-sponsored-projects/
https://www.latech.edu/research-innovation-enterprise/research-compliance/
http://www.latechsports.com/index-main.html
https://www.latechalumni.org/s/810/rd/home.aspx
https://latech.bncollege.com/?storeId=65097&catalogId=10001&langId=-1
https://ulsltu.wd1.myworkdayjobs.com/LATECHCareers?utm_source=link&utm_medium=website&utm_campaign=primary_sidebar
https://www.latech.edu/
https://www.latech.edu/admissions/
https://www.latechalumni.org/
https://education.latech.edu/
https://education.latech.edu/academic-programs/
https://education.latech.edu/academic-programs/psychology-behavioral-sciences/
https://education.latech.edu/
https://education.latech.edu/about/
https://education.latech.edu/about/faculty-staff/
https://education.latech.edu/about/assessment-accreditation/
https://education.latech.edu/about/instructional-technology/
https://education.latech.edu/academic-programs/
https://education.latech.edu/academic-programs/department-of-curriculum-instruction-and-leadership/
https://education.latech.edu/academic-programs/kinesiology/
https://education.latech.edu/academic-programs/human-ecology/
https://education.latech.edu/academic-programs/human-ecology/fashion-merchandising-and-retail-studies/
https://education.latech.edu/academic-programs/human-ecology/human-development-and-family-science/
https://education.latech.edu/academic-programs/human-ecology/outreach-centers/
https://education.latech.edu/academic-programs/human-ecology/personnel-directory/
https://education.latech.edu/academic-programs/psychology-behavioral-sciences/
https://education.latech.edu/current-students/
https://education.latech.edu/future-students/
https://education.latech.edu/student-support/
https://education.latech.edu/student-support/scholarships/
https://education.latech.edu/research-outreach-innovation/
https://education.latech.edu/research-outreach-innovation/research-centers-and-laboratories/
http://aep.latech.edu
http://arosconsulting.org
http://www.latechcrrc.org
http://www.latechsportscience.org
http://pdrib.com
https://education.latech.edu/research-outreach-innovation/psychological-services-clinic/
https://education.latech.edu/research-outreach-innovation/research-centers-and-laboratories/
https://education.latech.edu/research-outreach-innovation/outreach/
https://education.latech.edu/research-outreach-innovation/sponsored-projects/
https://education.latech.edu/research-outreach-innovation/sponsored-projects/
https://education.latech.edu/research-outreach-innovation/sponsored-projects/
https://www.louisianaafterschool.org/
https://www.usaeop.com/program/reap/
https://www.uteachtech.com
https://education.latech.edu/research-outreach-innovation/partnerships/
https://education.latech.edu/ae-phillips-laboratory-school/
https://education.latech.edu/alumni-friends/
https://education.latech.edu/alumni-friends/distinguished-alumni/
https://education.latech.edu/alumni-friends/engage/
https://education.latech.edu/alumni-friends/ways-to-give/
https://education.latech.edu/alumni-friends/stay-connected/
https://www.latech.edu/category/education/
https://education.latech.edu/about/faculty-staff/faculty-directory/single-entry/name/tiffany-bates/
mailto:tbates@latech.edu
https://education.latech.edu/about/faculty-staff/faculty-directory/single-entry/name/walter-buboltz-jr/
mailto:buboltz@latech.edu
https://education.latech.edu/about/faculty-staff/faculty-directory/single-entry/name/ida-chauvin/
mailto:ichauvin@latech.edu
https://education.latech.edu/about/faculty-staff/faculty-directory/single-entry/name/shelby-curtis/
mailto:scurtis@latech.edu
https://education.latech.edu/about/faculty-staff/faculty-directory/single-entry/name/frank-igou/
mailto:figou@latech.edu
https://education.latech.edu/about/faculty-staff/faculty-directory/single-entry/name/jane-jacob/
mailto:jacobj@latech.edu
https://education.latech.edu/about/faculty-staff/faculty-directory/single-entry/name/mary-livingston/
mailto:maryml@latech.edu
https://education.latech.edu/about/faculty-staff/faculty-directory/single-entry/name/kacie-mennie/
mailto:kmennie@latech.edu
https://education.latech.edu/about/faculty-staff/faculty-directory/single-entry/name/tilman-sheets/
mailto:tilman@latech.edu
https://education.latech.edu/about/faculty-staff/faculty-directory/single-entry/name/steven-toaddy/
mailto:toaddy@latech.edu
https://education.latech.edu/about/faculty-staff/faculty-directory/single-entry/name/kelli-wade/
mailto:kwade@latech.edu
https://education.latech.edu/about/faculty-staff/faculty-directory/single-entry/name/jeffrey-walczyk/
mailto:walczyk@latech.edu
https://education.latech.edu/about/faculty-staff/faculty-directory/single-entry/name/dong-xie/
mailto:dxie@latech.edu
https://www.latech.edu/admissions/
https://www.latech.edu/admissions/visit/
https://www.latech.edu/academic-programs/
https://ulsltu.wd1.myworkdayjobs.com/LATECHCareers?utm_source=link&utm_medium=website&utm_campaign=footer
https://www.latech.edu/contact/
https://cm.maxient.com/reportingform.php?LouisianaTech
https://titleix.latech.edu/data-publications/
https://www.facebook.com/latech/
https://www.instagram.com/louisianatech/
https://www.youtube.com/louisianatech/
https://twitter.com/latech/
https://www.latech.edu/
https://www.latech.edu/current-students/student-advancement-affairs/disability-services/
https://www.latech.edu/accessibility/
https://www.latech.edu/privacy/
https://www.latech.edu/eeo-statement/
https://titleix.latech.edu/
mailto:web@latech.edu
https://www.ulsystem.edu/
https://education.latech.edu/?post_type=page&p=2871#jump
https://education.latech.edu/academic-programs/psychology-behavioral-sciences/1-undergraduate-programs/#content
https://education.latech.edu/academic-programs/psychology-behavioral-sciences/academic-programs-psychology-behavioral-sciences-advising-resources-and-process/#content
https://education.latech.edu/academic-programs/psychology-behavioral-sciences/doctoral-programs/#content
https://education.latech.edu/academic-programs/psychology-behavioral-sciences/doctoral-programs/counseling-psychology/#content
https://education.latech.edu/academic-programs/psychology-behavioral-sciences/doctoral-programs/counseling-psychology-doctoral-spotlights/#content
https://education.latech.edu/academic-programs/psychology-behavioral-sciences/doctoral-programs/industrial-organizational-psychology-phd/#content
https://education.latech.edu/academic-programs/psychology-behavioral-sciences/graduate-and-certificate-programs/#content
https://education.latech.edu/academic-programs/psychology-behavioral-sciences/staff-faculty-directory/#content
cechs_end
https://www.latech.edu/
https://www.latech.edu/
https://www.latech.edu/about/
https://events.latech.edu/academic-calendar/
https://www.latech.edu/study-with-us/
https://www.latech.edu/study-with-us/undergraduate/
https://www.latech.edu/study-with-us/graduate/
https://iso.latech.edu/
https://www.latech.edu/honors/
https://www.latech.edu/study-with-us/air-force-rotc/
https://www.latech.edu/study-with-us/army-rotc/
https://www.latech.edu/admissions/
https://www.latech.edu/shreveport-bossier/
https://www.latech.edu/life-on-campus/
https://events.latech.edu/
https://www.latech.edu/current-students/first-year-experience/
https://www.latech.edu/life-on-campus/residential-life/
https://www.latech.edu/life-on-campus/intramural-sports-recreation/
https://www.latech.edu/student-organizations/
http://www.latechsports.com/
https://www.latech.edu/current-students/
https://www.latech.edu/current-students/academic-calendar/
https://www.latech.edu/current-students/tech-express/
https://www.latech.edu/student-advancement-affairs/
https://www.latech.edu/current-students/registrar-office/
https://www.latech.edu/current-students/financial-aid/
https://canvas.latech.edu/
https://www.facultyenlight.com/?storeNbr=8001
https://webmail.latech.edu/login.php?
https://gsuite.latech.edu/
https://login.microsoftonline.com/?whr=office.latech.edu
https://www.latech.edu/it-faq/
https://www.latech.edu/library/
https://digitalcommons.latech.edu
https://www.latech.edu/faculty-staff/
https://www.latech.edu/faculty-staff/center-for-instructional-technology/
https://www.latech.edu/faculty-staff/forms/
https://www.latech.edu/faculty-staff/canvas/
https://www.latech.edu/faculty-staff/tech-2020/
https://www.latech.edu/university-senate/
https://www.myworkday.com/ulsltu/d/home.htmld
https://webmail.latech.edu/
https://www.facultyenlight.com/?storeNbr=8001
https://canvas.latech.edu/
https://latech.zoom.us
https://mediasite.latech.edu/mediasite/mymediasite
https://sites.google.com/a/email.latech.edu/latech/
https://login.microsoftonline.com/?whr=office.latech.edu
https://cm.maxient.com/reportingform.php?LouisianaTech
https://www.latech.edu/it-faq/
https://www.latech.edu/research-innovation-enterprise/
https://www.latech.edu/research-innovation-enterprise/centers-of-excellence/
https://www.latech.edu/research-innovation-enterprise/intellectual-property/
https://www.latech.edu/research-innovation-enterprise/office-of-sponsored-projects/
https://www.latech.edu/research-innovation-enterprise/research-compliance/
http://www.latechsports.com/index-main.html
https://www.latechalumni.org/s/810/rd/home.aspx
https://latech.bncollege.com/?storeId=65097&catalogId=10001&langId=-1
https://ulsltu.wd1.myworkdayjobs.com/LATECHCareers?utm_source=link&utm_medium=website&utm_campaign=primary_sidebar
https://www.latech.edu/
https://www.latech.edu/admissions/
https://www.latechalumni.org/
https://liberalarts.latech.edu/
https://liberalarts.latech.edu/
https://liberalarts.latech.edu/about/
https://liberalarts.latech.edu/faculty-staff-directory/
https://liberalarts.latech.edu/design/
https://liberalarts.latech.edu/design/architecture/
https://liberalarts.latech.edu/design/interior-design/
https://liberalarts.latech.edu/design/graphic-design/
https://liberalarts.latech.edu/design/studio-art/
https://liberalarts.latech.edu/design/personnel-directory-school-of-design/
https://liberalarts.latech.edu/history-and-social-science/
https://liberalarts.latech.edu/history-and-social-science/history/
https://liberalarts.latech.edu/history-and-social-science/social-sciences/
https://liberalarts.latech.edu/literature-language/
https://liberalarts.latech.edu/literature-language/english/
https://liberalarts.latech.edu/literature-language/modern-languages/
https://liberalarts.latech.edu/music/
https://sites.google.com/email.latech.edu/latechmusic/home
https://liberalarts.latech.edu/music/faculty-staff-directory/
https://liberalarts.latech.edu/music/music-facilities/
https://liberalarts.latech.edu/centers-studios-galleries/multimedia-studio/
https://liberalarts.latech.edu/performing-arts/
https://liberalarts.latech.edu/performing-arts/theatre/
https://liberalarts.latech.edu/communication-studies/
https://liberalarts.latech.edu/professional-aviation/
https://liberalarts.latech.edu/professional-aviation/flight-fee-schedule/
https://liberalarts.latech.edu/professional-aviation/professional-aviation-faculty-and-staff/
https://liberalarts.latech.edu/graduate-programs/
https://liberalarts.latech.edu/interdisciplinary-studies/
https://liberalarts.latech.edu/study-abroad/
https://liberalarts.latech.edu/student-resources/
https://liberalarts.latech.edu/student-resources/exhibit-opportunities/
https://liberalarts.latech.edu/student-resources/student-organizations/
https://liberalarts.latech.edu/student-resources/scholarships/
https://liberalarts.latech.edu/student-resources/student-organizations-2/
https://liberalarts.latech.edu/centers-studios-galleries/
https://liberalarts.latech.edu/centers-studios-galleries/american-foreign-policy-center/
https://liberalarts.latech.edu/centers-studios-galleries/art-galleries/
https://liberalarts.latech.edu/centers-studios-galleries/co-lab-research-center/
https://liberalarts.latech.edu/centers-studios-galleries/joe-waggonner-center/
https://liberalarts.latech.edu/music/music-facilities/
https://liberalarts.latech.edu/centers-studios-galleries/multimedia-studio/
https://liberalarts.latech.edu/centers-studios-galleries/speech-hearing-center/
https://liberalarts.latech.edu/news/
https://liberalarts.latech.edu/faculty-staff-directory/single-entry/name/karl-puljak/
mailto:puljak@latech.edu
https://liberalarts.latech.edu/faculty-staff-directory/single-entry/name/kathleen-wells/
mailto:kwells@latech.edu
https://liberalarts.latech.edu/faculty-staff-directory/single-entry/name/jeremy-mhire/
mailto:jmhire@latech.edu
https://liberalarts.latech.edu/faculty-staff-directory/single-entry/name/mark-duffield/
mailto:duffield@latech.edu
https://liberalarts.latech.edu/faculty-staff-directory/single-entry/name/theresa-duke/
mailto:tduke@latech.edu
https://liberalarts.latech.edu/faculty-staff-directory/single-entry/name/tom-garza/
mailto:garza@latech.edu
https://liberalarts.latech.edu/faculty-staff-directory/single-entry/name/yvonne-hammack-buck/
mailto:hammackb@latech.edu
https://liberalarts.latech.edu/faculty-staff-directory/single-entry/name/jordan-lyons/
mailto:jordan@latech.edu
https://liberalarts.latech.edu/faculty-staff-directory/single-entry/name/matthew-montgomery/
mailto:matthewm@latech.edu
https://liberalarts.latech.edu/faculty-staff-directory/single-entry/name/jon-pearson/
mailto:jpearson@latech.edu
https://liberalarts.latech.edu/faculty-staff-directory/single-entry/name/richard-pentimonti/
mailto:rjpenti@latech.edu
https://liberalarts.latech.edu/faculty-staff-directory/single-entry/name/kary-randall/
mailto:kary@latech.edu
https://liberalarts.latech.edu/faculty-staff-directory/single-entry/name/tyler-williams/
mailto:tylerw@latech.edu
https://liberalarts.latech.edu/faculty-staff-directory/single-entry/name/mark-allen/
mailto:marka@latech.edu
https://liberalarts.latech.edu/faculty-staff-directory/single-entry/name/zhe-cui/
https://liberalarts.latech.edu/faculty-staff-directory/single-entry/name/christopher-deal/
mailto:cdeal@latech.edu
https://liberalarts.latech.edu/faculty-staff-directory/single-entry/name/michael-leblanc/
mailto:mleblanc@latech.edu
https://liberalarts.latech.edu/faculty-staff-directory/single-entry/name/amy-lionberger/
mailto:arlion@latech.edu
https://liberalarts.latech.edu/faculty-staff-directory/single-entry/name/kara-mathis/
mailto:karam@latech.edu
https://liberalarts.latech.edu/faculty-staff-directory/single-entry/name/matthew-morse/
mailto:mmorse@latech.edu
https://liberalarts.latech.edu/faculty-staff-directory/single-entry/name/tara-raue/
mailto:tara@latech.edu
https://liberalarts.latech.edu/faculty-staff-directory/single-entry/name/vanna-richardson-1/
mailto:vannar@latech.edu
https://liberalarts.latech.edu/faculty-staff-directory/single-entry/name/judith-roberts/
mailto:jroberts@latech.edu
https://liberalarts.latech.edu/faculty-staff-directory/single-entry/name/megan-smith-1/
mailto:megan@latech.edu
https://liberalarts.latech.edu/faculty-staff-directory/single-entry/name/kristi-stake/
mailto:kstake@latech.edu
https://liberalarts.latech.edu/faculty-staff-directory/single-entry/name/cleve-stevens/
mailto:cleve@latech.edu
https://liberalarts.latech.edu/faculty-staff-directory/single-entry/name/becky-white/
mailto:beckyw@latech.edu
https://liberalarts.latech.edu/faculty-staff-directory/single-entry/name/kaden-beilman/
mailto:kbeilman@latech.edu
https://liberalarts.latech.edu/faculty-staff-directory/single-entry/name/jerry-berg/
mailto:jberg@latech.edu
https://liberalarts.latech.edu/faculty-staff-directory/single-entry/name/robert-brooks/
mailto:mbrooks@latech.edu
https://liberalarts.latech.edu/faculty-staff-directory/single-entry/name/nick-bustamante/
mailto:nbustama@latech.edu
https://liberalarts.latech.edu/faculty-staff-directory/single-entry/name/damon-caldwell/
mailto:caldwell@latech.edu
https://liberalarts.latech.edu/faculty-staff-directory/single-entry/name/guy-carwile/
mailto:carwile@latech.edu
https://liberalarts.latech.edu/faculty-staff-directory/single-entry/name/stephanie-carwile/
mailto:scarwile@latech.edu
https://liberalarts.latech.edu/faculty-staff-directory/single-entry/name/brooke-cassady/
mailto:bcassady@latech.edu
https://liberalarts.latech.edu/faculty-staff-directory/single-entry/name/whitney-causey/
mailto:causey@latech.edu
https://liberalarts.latech.edu/faculty-staff-directory/single-entry/name/todd-cloe/
mailto:thcloe@latech.edu
https://liberalarts.latech.edu/faculty-staff-directory/single-entry/name/brad-deal-1/
mailto:braddeal@latech.edu
https://liberalarts.latech.edu/faculty-staff-directory/single-entry/name/pasquale-depaola/
mailto:pdepaola@latech.edu
https://liberalarts.latech.edu/faculty-staff-directory/single-entry/name/william-doss/
mailto:wdoss@latech.edu
https://liberalarts.latech.edu/faculty-staff-directory/single-entry/name/nicole-duet/
mailto:nduet@latech.edu
https://liberalarts.latech.edu/faculty-staff-directory/single-entry/name/jake-dugard/
mailto:jake@latech.edu
https://liberalarts.latech.edu/faculty-staff-directory/single-entry/name/marla-emory/
mailto:marla@latech.edu
https://liberalarts.latech.edu/faculty-staff-directory/single-entry/name/tom-futrell/
mailto:tfutrell@latech.edu
https://liberalarts.latech.edu/faculty-staff-directory/single-entry/name/frank-hamrick/
mailto:fhamrick@latech.edu
https://liberalarts.latech.edu/faculty-staff-directory/single-entry/name/todd-maggio/
mailto:maggio@latech.edu
https://liberalarts.latech.edu/faculty-staff-directory/single-entry/name/clark-malchow/
mailto:cmalchow@latech.edu
https://liberalarts.latech.edu/faculty-staff-directory/single-entry/name/rachel-mcdonald/
mailto:rachelm@latech.edu
https://liberalarts.latech.edu/faculty-staff-directory/single-entry/name/zachary-mcintyre/
mailto:zacharym@latech.edu
https://liberalarts.latech.edu/faculty-staff-directory/single-entry/name/daniel-moore/
mailto:dmoore@latech.edu
https://liberalarts.latech.edu/faculty-staff-directory/single-entry/name/karl-puljak/
mailto:puljak@latech.edu
https://liberalarts.latech.edu/faculty-staff-directory/single-entry/name/kevin-singh/
mailto:ksingh@latech.edu
https://liberalarts.latech.edu/faculty-staff-directory/single-entry/name/joey-slaughter/
mailto:joey@latech.edu
https://liberalarts.latech.edu/faculty-staff-directory/single-entry/name/adrianna-speer/
mailto:aspeer@latech.edu
https://liberalarts.latech.edu/faculty-staff-directory/single-entry/name/mary-springer/
mailto:marys@latech.edu
https://liberalarts.latech.edu/faculty-staff-directory/single-entry/name/alli-treece/
mailto:atreece@latech.edu
https://liberalarts.latech.edu/faculty-staff-directory/single-entry/name/kendell-webb/
mailto:kwebb@latech.edu
https://liberalarts.latech.edu/faculty-staff-directory/single-entry/name/michael-williams/
mailto:michaelw@latech.edu
https://liberalarts.latech.edu/faculty-staff-directory/single-entry/name/david-anderson/
mailto:davida@latech.edu
https://liberalarts.latech.edu/faculty-staff-directory/single-entry/name/christobel-asiedu/
mailto:casiedu@latech.edu
https://liberalarts.latech.edu/faculty-staff-directory/single-entry/name/nazir-atassi/
mailto:aatassi@latech.edu
https://liberalarts.latech.edu/faculty-staff-directory/single-entry/name/irene-casas/
mailto:icasas@latech.edu
https://liberalarts.latech.edu/faculty-staff-directory/single-entry/name/michael-habegger/
mailto:habegger@latech.edu
https://liberalarts.latech.edu/faculty-staff-directory/single-entry/name/nathan-katz/
mailto:nkatz@latech.edu
https://liberalarts.latech.edu/faculty-staff-directory/single-entry/name/jennifer-king/
mailto:jeking@latech.edu
https://liberalarts.latech.edu/faculty-staff-directory/single-entry/name/taylor-mack-1/
mailto:tmack@latech.edu
https://liberalarts.latech.edu/faculty-staff-directory/single-entry/name/andrew-mckevitt-1/
mailto:mckevitt@latech.edu
https://liberalarts.latech.edu/faculty-staff-directory/single-entry/name/jeremy-mhire/
mailto:jmhire@latech.edu
https://liberalarts.latech.edu/faculty-staff-directory/single-entry/name/jason-pigg/
mailto:jpigg@latech.edu
https://liberalarts.latech.edu/faculty-staff-directory/single-entry/name/brenda-savage/
mailto:bsavage@latech.edu
https://liberalarts.latech.edu/faculty-staff-directory/single-entry/name/elaine-thompson/
mailto:elainet@latech.edu
https://liberalarts.latech.edu/faculty-staff-directory/single-entry/name/john-worsencroft-2/
mailto:johnw@latech.edu
https://liberalarts.latech.edu/faculty-staff-directory/single-entry/name/benjamin-bergholtz-1/
mailto:bberg@latech.edu
https://liberalarts.latech.edu/faculty-staff-directory/single-entry/name/paula-brown-1/
mailto:pbrown@latech.edu
https://liberalarts.latech.edu/faculty-staff-directory/single-entry/name/anne-reynolds-case/
mailto:arcase@latech.edu
https://liberalarts.latech.edu/faculty-staff-directory/single-entry/name/joseph-clark/
mailto:joclark@latech.edu
https://liberalarts.latech.edu/faculty-staff-directory/single-entry/name/kirby-colvin/
mailto:colvin@latech.edu
https://liberalarts.latech.edu/faculty-staff-directory/single-entry/name/nicole-de-fee/
mailto:ndefee@latech.edu
https://liberalarts.latech.edu/faculty-staff-directory/single-entry/name/sandra-dingler/
mailto:sdingler@latech.edu
https://liberalarts.latech.edu/faculty-staff-directory/single-entry/name/brandi-doucet/
mailto:bhdoucet@latech.edu
https://liberalarts.latech.edu/faculty-staff-directory/single-entry/name/anthony-goodwin/
mailto:agoodwin@latech.edu
https://liberalarts.latech.edu/faculty-staff-directory/single-entry/name/brad-hatley/
mailto:bhatley@latech.edu
https://liberalarts.latech.edu/faculty-staff-directory/single-entry/name/dolliann-hurtig/
mailto:dhurtig@latech.edu
https://liberalarts.latech.edu/faculty-staff-directory/single-entry/name/laura-ighade/
mailto:lighade@latech.edu
https://liberalarts.latech.edu/faculty-staff-directory/single-entry/name/michelle-jimmerson/
mailto:michelle@latech.edu
https://liberalarts.latech.edu/faculty-staff-directory/single-entry/name/isabel-lamptey/
mailto:ilamptey@latech.edu
https://liberalarts.latech.edu/faculty-staff-directory/single-entry/name/scott-levin/
mailto:slevin@latech.edu
https://liberalarts.latech.edu/faculty-staff-directory/single-entry/name/celia-lewis/
mailto:clewis@latech.edu
https://liberalarts.latech.edu/faculty-staff-directory/single-entry/name/bruce-magee/
mailto:bmagee@latech.edu
https://liberalarts.latech.edu/faculty-staff-directory/single-entry/name/paul-nelson/
mailto:pnelson@latech.edu
https://liberalarts.latech.edu/faculty-staff-directory/single-entry/name/laura-ritter/
mailto:lritter@latech.edu
https://liberalarts.latech.edu/faculty-staff-directory/single-entry/name/susan-roach/
mailto:msroach@latech.edu
https://liberalarts.latech.edu/faculty-staff-directory/single-entry/name/dorothy-robbins/
mailto:drobbins@latech.edu
https://liberalarts.latech.edu/faculty-staff-directory/single-entry/name/ernest-rufleth-1/
mailto:erufleth@latech.edu
https://liberalarts.latech.edu/faculty-staff-directory/single-entry/name/greg-schelonka/
mailto:gregory@latech.edu
https://liberalarts.latech.edu/faculty-staff-directory/single-entry/name/erin-singer/
mailto:esinger@latech.edu
https://liberalarts.latech.edu/faculty-staff-directory/single-entry/name/genaro-smith/
mailto:gsmith@latech.edu
https://liberalarts.latech.edu/faculty-staff-directory/single-entry/name/dori-st-amant/
mailto:dstamant@latech.edu
https://liberalarts.latech.edu/faculty-staff-directory/single-entry/name/kirk-st-amant/
mailto:stamantk@latech.edu
https://liberalarts.latech.edu/faculty-staff-directory/single-entry/name/christine-strebeck/
mailto:strebeck@latech.edu
https://liberalarts.latech.edu/faculty-staff-directory/single-entry/name/nicholas-todd/
mailto:ntodd@latech.edu
https://liberalarts.latech.edu/faculty-staff-directory/single-entry/name/kimberly-tucker/
mailto:ktucker@latech.edu
https://liberalarts.latech.edu/faculty-staff-directory/single-entry/name/alana-wagner/
mailto:acwagner@latech.edu
https://liberalarts.latech.edu/faculty-staff-directory/single-entry/name/joseph-williams/
mailto:jwill@latech.edu
https://liberalarts.latech.edu/faculty-staff-directory/single-entry/name/dee-alexander/
mailto:jeptica@latech.edu
https://liberalarts.latech.edu/faculty-staff-directory/single-entry/name/shayla-blake/
mailto:sblake@latech.edu
https://liberalarts.latech.edu/faculty-staff-directory/single-entry/name/gregory-budds/
mailto:cbudds@latech.edu
https://liberalarts.latech.edu/faculty-staff-directory/single-entry/name/jarmaine-caldwell/
mailto:jarmaine@latech.edu
https://liberalarts.latech.edu/faculty-staff-directory/single-entry/name/cody-chandler/
mailto:cody@latech.edu
https://liberalarts.latech.edu/faculty-staff-directory/single-entry/name/wade-dillingham/
mailto:waded@latech.edu
https://liberalarts.latech.edu/faculty-staff-directory/single-entry/name/brandi-estwick/
mailto:bestwick@latech.edu
https://liberalarts.latech.edu/faculty-staff-directory/single-entry/name/margaret-fowler/
mailto:mmilam@latech.edu
https://liberalarts.latech.edu/faculty-staff-directory/single-entry/name/jacob-gran/
mailto:jgran@latech.edu
https://liberalarts.latech.edu/faculty-staff-directory/single-entry/name/carol-harrison/
mailto:charris@latech.edu
https://liberalarts.latech.edu/faculty-staff-directory/single-entry/name/christopher-heidenreich/
mailto:cph@latech.edu
https://liberalarts.latech.edu/faculty-staff-directory/single-entry/name/spencer-hudson-1/
mailto:spencerh@latech.edu
https://liberalarts.latech.edu/faculty-staff-directory/single-entry/name/david-lloyd/
mailto:dlloyd@latech.edu
https://liberalarts.latech.edu/faculty-staff-directory/single-entry/name/gregory-lyons/
mailto:glyons@latech.edu
https://liberalarts.latech.edu/faculty-staff-directory/single-entry/name/m-steele-moegle/
mailto:mmoegle@latech.edu
https://liberalarts.latech.edu/faculty-staff-directory/single-entry/name/elizabeth-rennick/
mailto:erennick@latech.edu
https://liberalarts.latech.edu/faculty-staff-directory/single-entry/name/rick-rowell-1/
mailto:rdrowell@latech.edu
https://liberalarts.latech.edu/faculty-staff-directory/single-entry/name/robert-sharp/
mailto:rsharp@latech.edu
https://liberalarts.latech.edu/faculty-staff-directory/single-entry/name/borys-smolaga/
mailto:bsmolaga@latech.edu
https://liberalarts.latech.edu/faculty-staff-directory/single-entry/name/nathan-trahan/
mailto:ntrahan@latech.edu
https://liberalarts.latech.edu/faculty-staff-directory/single-entry/name/weishu-tsai/
mailto:wtsai@latech.edu
https://liberalarts.latech.edu/faculty-staff-directory/single-entry/name/michele-dormaier/
mailto:dormaier@latech.edu
https://liberalarts.latech.edu/faculty-staff-directory/single-entry/name/mark-guinn/
mailto:mguinn@latech.edu
https://liberalarts.latech.edu/faculty-staff-directory/single-entry/name/andrew-ray/
mailto:adray@latech.edu
https://liberalarts.latech.edu/faculty-staff-directory/single-entry/name/jeremy-reynolds/
mailto:reynolds@latech.edu
https://liberalarts.latech.edu/faculty-staff-directory/single-entry/name/cherrie-sciro/
mailto:lulu@latech.edu
https://liberalarts.latech.edu/faculty-staff-directory/single-entry/name/matthew-bryan/
mailto:mbryan@latech.edu
https://liberalarts.latech.edu/faculty-staff-directory/single-entry/name/melinda-bryan-1/
mailto:melinda@latech.edu
https://liberalarts.latech.edu/faculty-staff-directory/single-entry/name/abigail-fertal/
mailto:afertal@latech.edu
https://liberalarts.latech.edu/faculty-staff-directory/single-entry/name/whitney-hester/
mailto:whester@latech.edu
https://liberalarts.latech.edu/faculty-staff-directory/single-entry/name/carrie-knight/
mailto:cknight@latech.edu
https://liberalarts.latech.edu/faculty-staff-directory/single-entry/name/cheryl-leachman/
mailto:leachman@latech.edu
https://liberalarts.latech.edu/faculty-staff-directory/single-entry/name/emory-long/
mailto:elong@latech.edu
https://liberalarts.latech.edu/faculty-staff-directory/single-entry/name/shawn-moss/
mailto:stmoss@latech.edu
https://liberalarts.latech.edu/faculty-staff-directory/single-entry/name/kerrilyn-phillips/
mailto:kphillip@latech.edu
https://liberalarts.latech.edu/faculty-staff-directory/single-entry/name/adam-waters/
mailto:awaters@latech.edu
https://www.latech.edu/admissions/
https://www.latech.edu/admissions/visit/
https://www.latech.edu/academic-programs/
https://ulsltu.wd1.myworkdayjobs.com/LATECHCareers?utm_source=link&utm_medium=website&utm_campaign=footer
https://www.latech.edu/contact/
https://cm.maxient.com/reportingform.php?LouisianaTech
https://titleix.latech.edu/data-publications/
https://www.facebook.com/latech/
https://www.instagram.com/louisianatech/
https://www.youtube.com/louisianatech/
https://twitter.com/latech/
https://www.latech.edu/
https://www.latech.edu/current-students/student-advancement-affairs/disability-services/
https://www.latech.edu/accessibility/
https://www.latech.edu/privacy/
https://www.latech.edu/eeo-statement/
https://titleix.latech.edu/
mailto:web@latech.edu
https://www.ulsystem.edu/
cla_end
https://www.latech.edu/
https://www.latech.edu/
https://www.latech.edu/about/
https://events.latech.edu/academic-calendar/
https://www.latech.edu/study-with-us/
https://www.latech.edu/study-with-us/undergraduate/
https://www.latech.edu/study-with-us/graduate/
https://iso.latech.edu/
https://www.latech.edu/honors/
https://www.latech.edu/study-with-us/air-force-rotc/
https://www.latech.edu/study-with-us/army-rotc/
https://www.latech.edu/admissions/
https://www.latech.edu/shreveport-bossier/
https://www.latech.edu/life-on-campus/
https://events.latech.edu/
https://www.latech.edu/current-students/first-year-experience/
https://www.latech.edu/life-on-campus/residential-life/
https://www.latech.edu/life-on-campus/intramural-sports-recreation/
https://www.latech.edu/student-organizations/
http://www.latechsports.com/
https://www.latech.edu/current-students/
https://www.latech.edu/current-students/academic-calendar/
https://www.latech.edu/current-students/tech-express/
https://www.latech.edu/student-advancement-affairs/
https://www.latech.edu/current-students/registrar-office/
https://www.latech.edu/current-students/financial-aid/
https://canvas.latech.edu/
https://www.facultyenlight.com/?storeNbr=8001
https://webmail.latech.edu/login.php?
https://gsuite.latech.edu/
https://login.microsoftonline.com/?whr=office.latech.edu
https://www.latech.edu/it-faq/
https://www.latech.edu/library/
https://digitalcommons.latech.edu
https://www.latech.edu/faculty-staff/
https://www.latech.edu/faculty-staff/center-for-instructional-technology/
https://www.latech.edu/faculty-staff/forms/
https://www.latech.edu/faculty-staff/canvas/
https://www.latech.edu/faculty-staff/tech-2020/
https://www.latech.edu/university-senate/
https://www.myworkday.com/ulsltu/d/home.htmld
https://webmail.latech.edu/
https://www.facultyenlight.com/?storeNbr=8001
https://canvas.latech.edu/
https://latech.zoom.us
https://mediasite.latech.edu/mediasite/mymediasite
https://sites.google.com/a/email.latech.edu/latech/
https://login.microsoftonline.com/?whr=office.latech.edu
https://cm.maxient.com/reportingform.php?LouisianaTech
https://www.latech.edu/it-faq/
https://www.latech.edu/research-innovation-enterprise/
https://www.latech.edu/research-innovation-enterprise/centers-of-excellence/
https://www.latech.edu/research-innovation-enterprise/intellectual-property/
https://www.latech.edu/research-innovation-enterprise/office-of-sponsored-projects/
https://www.latech.edu/research-innovation-enterprise/research-compliance/
http://www.latechsports.com/index-main.html
https://www.latechalumni.org/s/810/rd/home.aspx
https://latech.bncollege.com/?storeId=65097&catalogId=10001&langId=-1
https://ulsltu.wd1.myworkdayjobs.com/LATECHCareers?utm_source=link&utm_medium=website&utm_campaign=primary_sidebar
https://www.latech.edu/
https://www.latech.edu/admissions/
https://www.latechalumni.org/
https://coes.latech.edu/
https://coes.latech.edu/
https://coes.latech.edu/about/
https://coes.latech.edu/about/deans-welcome/
https://coes.latech.edu/about/accreditation-enrollment/
https://coes.latech.edu/about/facts/
https://coes.latech.edu/about/faculty-mentoring-program/
https://coes.latech.edu/tenure-promotion-and-other-important-forms/
https://coes.latech.edu/about/office-of-women-in-science-and-engineering/
https://coes.latech.edu/about/publications/
https://coes.latech.edu/about/iesb-building/
https://coes.latech.edu/facultystaff-directory/
https://coes.latech.edu/undergraduate-programs/
https://coes.latech.edu/undergraduate-programs/biomedical-engineering/
https://coes.latech.edu/undergraduate-programs/chemical-engineering/
https://coes.latech.edu/undergraduate-programs/chemistry/
https://coes.latech.edu/undergraduate-programs/civil-engineering/
https://coes.latech.edu/undergraduate-programs/computer-science/
https://coes.latech.edu/undergraduate-programs/construction-engineering-technology/
https://coes.latech.edu/undergraduate-programs/cyber-engineering/
https://coes.latech.edu/undergraduate-programs/electrical-engineering/
https://coes.latech.edu/undergraduate-programs/industrial-engineering/
https://coes.latech.edu/undergraduate-programs/instrumentation-and-control-systems-engineering-technology/
https://coes.latech.edu/undergraduate-programs/mathematics-statistics/
https://coes.latech.edu/undergraduate-programs/mechanical-engineering/
https://coes.latech.edu/undergraduate-programs/physics/
https://coes.latech.edu/undergraduate-online-certificates/
https://coes.latech.edu/living-with-cyber/
https://coes.latech.edu/undergraduate-programs/engineering-and-science-minors/
https://coes.latech.edu/graduate-programs/
https://coes.latech.edu/graduate-programs/concurrent-enrollment/
https://coes.latech.edu/graduate-programs/biomedical-engineering-phd/
https://coes.latech.edu/graduate-programs/computational-analysis-and-modeling-phd/
https://coes.latech.edu/graduate-programs/engineering-phd/
https://coes.latech.edu/graduate-programs/engineering-and-technology-management-detm/
https://coes.latech.edu/graduate-programs/molecular-science-and-nanotechnology-phd/
https://coes.latech.edu/graduate-programs/applied-physics-ms/
https://coes.latech.edu/graduate-programs/computer-science-ms/
https://coes.latech.edu/graduate-programs/engineering-ms/
https://coes.latech.edu/graduate-programs/engineering-and-technology-management-ms-2/
https://coes.latech.edu/graduate-programs/mathematics-ms/
https://coes.latech.edu/graduate-programs/molecular-science-and-nanotechnology-msnt/
https://coes.latech.edu/online-degrees-certifications/
https://coes.latech.edu/graduate-programs/engineering-and-technology-management-detm/
https://coes.latech.edu/graduate-programs/engineering-and-technology-management-ms-2/
https://coes.latech.edu/online-degrees-certifications/m-s-in-engineering-industrial-engineering-concentration-online/
https://coes.latech.edu/online-degrees-certifications/online-certificates/
https://coes.latech.edu/students/
https://coes.latech.edu/students/incoming-students/
https://coes.latech.edu/students/advising-academic-support/
https://coes.latech.edu/students/first-year-experience/
https://coes.latech.edu/students/speed-interviewing-workshop/
https://coes.latech.edu/students/scholarships/
https://coes.latech.edu/graduate-programs/graduate-student-council/
https://coes.latech.edu/students/get-involved/
https://coes.latech.edu/students/cybercorps-scholarship-program/
https://coes.latech.edu/students/grand-challenge-scholars-program/
https://coes.latech.edu/research/
https://coes.latech.edu/research/institutes-centers/
https://coes.latech.edu/research/research-faculty-profiles/
https://coes.latech.edu/outreach/
https://coes.latech.edu/outreach/industrial-partners/
https://coes.latech.edu/outreach/stem-outreach/
https://coes.latech.edu/alumni-development/
https://coes.latech.edu/alumni-development/esf-board-history/
https://coes.latech.edu/alumni-development/alumni-spotlight-ragan-edmiston/
https://www.latech.edu/category/engineering-science/
https://events.latech.edu/coes/
https://coes.latech.edu/facultystaff-directory/single-entry/name/collin-wick/
mailto:cwick@latech.edu
https://coes.latech.edu/facultystaff-directory/single-entry/name/estevan-garcia/
mailto:estevan@latech.edu
https://coes.latech.edu/facultystaff-directory/single-entry/name/rosilynn-gillum-1/
mailto:rgillum@latechalumni.org
https://coes.latech.edu/facultystaff-directory/single-entry/name/shafia-izhar/
mailto:sizhar@latech.edu
https://coes.latech.edu/facultystaff-directory/single-entry/name/desiree-brodeen/
mailto:mmchugh@latech.edu
https://coes.latech.edu/facultystaff-directory/single-entry/name/lindsey-murry-1/
mailto:lmurry@latech.edu
https://coes.latech.edu/facultystaff-directory/single-entry/name/charles-neil-rinehart/
mailto:charlesr@latech.edu
https://coes.latech.edu/facultystaff-directory/single-entry/name/sylvia-shultz/
mailto:sshultz@latech.edu
https://coes.latech.edu/facultystaff-directory/single-entry/name/angelia-wallace/
mailto:awallace@latech.edu
https://coes.latech.edu/facultystaff-directory/single-entry/name/grace-clay/
mailto:gclay@latech.edu
https://coes.latech.edu/facultystaff-directory/single-entry/name/rebekah-robinson/
mailto:alexis@latech.edu
https://coes.latech.edu/facultystaff-directory/single-entry/name/christie-edwards/
mailto:cedwards@latech.edu
https://coes.latech.edu/facultystaff-directory/single-entry/name/hisham-hegab/
mailto:hhegab@latech.edu
https://coes.latech.edu/facultystaff-directory/single-entry/name/alyssa-hughes/
mailto:llittle@latech.edu
https://coes.latech.edu/facultystaff-directory/single-entry/name/jennifer-peckmore/
mailto:jenpeck@latech.edu
https://coes.latech.edu/facultystaff-directory/single-entry/name/carly-spinazzola/
mailto:carly@latech.edu
https://coes.latech.edu/facultystaff-directory/single-entry/name/shiloh-taylor/
mailto:shiloh@latech.edu
https://coes.latech.edu/facultystaff-directory/single-entry/name/lauren-ward-1/
mailto:lward@latech.edu
https://coes.latech.edu/facultystaff-directory/single-entry/name/charlotte-wilkerson/
mailto:charlott@latech.edu
https://coes.latech.edu/facultystaff-directory/single-entry/name/diana-bryan/
mailto:dibryan@latech.edu
https://coes.latech.edu/facultystaff-directory/single-entry/name/daniela-mainardi/
mailto:mainardi@latech.edu
https://coes.latech.edu/facultystaff-directory/single-entry/name/stephanie-robinson/
mailto:stephany@latech.edu
https://coes.latech.edu/facultystaff-directory/single-entry/name/mary-caldorera-moore/
mailto:mcmoore@latech.edu
https://coes.latech.edu/facultystaff-directory/single-entry/name/elisa-castagnola/
mailto:elisa@LaTech.edu
https://coes.latech.edu/facultystaff-directory/single-entry/name/mark-decoster/
mailto:decoster@latech.edu
https://coes.latech.edu/facultystaff-directory/single-entry/name/hisham-hegab/
mailto:hhegab@latech.edu
https://coes.latech.edu/facultystaff-directory/single-entry/name/bryant-hollins/
mailto:bhollins@latech.edu
https://coes.latech.edu/facultystaff-directory/single-entry/name/steven-jones/
mailto:sajones@latech.edu
https://coes.latech.edu/facultystaff-directory/single-entry/name/teresa-murray/
mailto:tmurray@latech.edu
https://coes.latech.edu/facultystaff-directory/single-entry/name/gina-palmer/
mailto:gpalmer@latech.edu
https://coes.latech.edu/facultystaff-directory/single-entry/name/louis-reis/
mailto:lgreis@latech.edu
https://coes.latech.edu/facultystaff-directory/single-entry/name/bradley-cicciarelli/
mailto:bradc@latech.edu
https://coes.latech.edu/facultystaff-directory/single-entry/name/joan-lynam/
mailto:lynam@latech.edu
https://coes.latech.edu/facultystaff-directory/single-entry/name/daniela-mainardi/
mailto:mainardi@latech.edu
https://coes.latech.edu/facultystaff-directory/single-entry/name/aamir-muhammad/
mailto:miqbal@latech.edu
https://coes.latech.edu/facultystaff-directory/single-entry/name/teresa-murray/
mailto:tmurray@latech.edu
https://coes.latech.edu/facultystaff-directory/single-entry/name/robert-newberry/
mailto:newberry@latech.edu
https://coes.latech.edu/facultystaff-directory/single-entry/name/james-palmer/
mailto:jpalmer@latech.edu
https://coes.latech.edu/facultystaff-directory/single-entry/name/gina-palmer/
mailto:gpalmer@latech.edu
https://coes.latech.edu/facultystaff-directory/single-entry/name/andrew-peters-1/
mailto:apeters@latech.edu
https://coes.latech.edu/facultystaff-directory/single-entry/name/shengnian-wang/
mailto:swang@latech.edu
https://coes.latech.edu/facultystaff-directory/single-entry/name/yang-xiao/
mailto:yxiao@latech.edu
https://coes.latech.edu/facultystaff-directory/single-entry/name/thomas-bishop/
mailto:bishop@latech.edu
https://coes.latech.edu/facultystaff-directory/single-entry/name/deepthi-chappidi/
mailto:chappidi@latech.edu
https://coes.latech.edu/facultystaff-directory/single-entry/name/william-deese/
mailto:wcdeese@latech.edu
https://coes.latech.edu/facultystaff-directory/single-entry/name/danny-eddy/
mailto:deddy@latech.edu
https://coes.latech.edu/facultystaff-directory/single-entry/name/sven-eklund/
mailto:seklund@latech.edu
https://coes.latech.edu/facultystaff-directory/single-entry/name/elisabeth-fatila/
mailto:efatila@latech.edu
https://coes.latech.edu/facultystaff-directory/single-entry/name/carla-offill/
mailto:khinton@latech.edu
https://coes.latech.edu/facultystaff-directory/single-entry/name/mengjia-liu/
mailto:mliu@latech.edu
https://coes.latech.edu/facultystaff-directory/single-entry/name/yuri-lvov/
mailto:ylvov@latech.edu
https://coes.latech.edu/facultystaff-directory/single-entry/name/phillip-mcmullan/
mailto:mcmullan@latech.edu
https://coes.latech.edu/facultystaff-directory/single-entry/name/scott-poh/
mailto:spoh@latech.edu
https://coes.latech.edu/facultystaff-directory/single-entry/name/kristie-ruddick/
mailto:kruddick@latech.edu
https://coes.latech.edu/facultystaff-directory/single-entry/name/kyle-rugg/
mailto:krugg@latech.edu
https://coes.latech.edu/facultystaff-directory/single-entry/name/lee-sawyer/
mailto:sawyer@latech.edu
https://coes.latech.edu/facultystaff-directory/single-entry/name/michael-stephenson/
mailto:stephens@latech.edu
https://coes.latech.edu/facultystaff-directory/single-entry/name/richard-thurlkill/
mailto:rthurl@latech.edu
https://coes.latech.edu/facultystaff-directory/single-entry/name/collin-wick/
mailto:cwick@latech.edu
https://coes.latech.edu/facultystaff-directory/single-entry/name/shaurav-alam/
mailto:shaurav@latech.edu
https://coes.latech.edu/facultystaff-directory/single-entry/name/james-ballard/
mailto:wballard@latech.edu
https://coes.latech.edu/facultystaff-directory/single-entry/name/chelsea-marshall/
mailto:collins@latech.edu
https://coes.latech.edu/facultystaff-directory/single-entry/name/jason-howell/
mailto:jhowell@latech.edu
https://coes.latech.edu/facultystaff-directory/single-entry/name/arun-jaganathan/
mailto:arun@latech.edu
https://coes.latech.edu/facultystaff-directory/single-entry/name/john-kraft/
mailto:jkraft@latech.edu
https://coes.latech.edu/facultystaff-directory/single-entry/name/elizabeth-matthews/
mailto:ematt@latech.edu
https://coes.latech.edu/facultystaff-directory/single-entry/name/john-matthews/
mailto:matthews@latech.edu
https://coes.latech.edu/facultystaff-directory/single-entry/name/hadi-salehi/
mailto:hsalehi@latech.edu
https://coes.latech.edu/facultystaff-directory/single-entry/name/roya-solhmirzaei/
mailto:solhmirz@latech.edu
https://coes.latech.edu/facultystaff-directory/single-entry/name/xingran-jay-wang/
mailto:xwang@latech.edu
https://coes.latech.edu/facultystaff-directory/single-entry/name/nazimuddin-wasiuddin/
mailto:wasi@latech.edu
https://coes.latech.edu/facultystaff-directory/single-entry/name/leland-weiss/
mailto:lweiss@latech.edu
https://coes.latech.edu/facultystaff-directory/single-entry/name/thomas-bowman/
mailto:tbowman@latech.edu
https://coes.latech.edu/facultystaff-directory/single-entry/name/kevin-cherry/
mailto:drcherry@latech.edu
https://coes.latech.edu/facultystaff-directory/single-entry/name/ben-choi/
mailto:choi@latech.edu
https://coes.latech.edu/facultystaff-directory/single-entry/name/pradeep-chowriappa/
mailto:pradeep@latech.edu
https://coes.latech.edu/facultystaff-directory/single-entry/name/joshua-coriell/
mailto:coriell@latech.edu
https://coes.latech.edu/facultystaff-directory/single-entry/name/zakaria-el-awadi/
mailto:zelawadi@latech.edu
https://coes.latech.edu/facultystaff-directory/single-entry/name/miguel-gates/
mailto:mgates@latech.edu
https://coes.latech.edu/facultystaff-directory/single-entry/name/brad-gilsson/
mailto:glisson@latech.edu
https://coes.latech.edu/facultystaff-directory/single-entry/name/jonathan-hyde/
mailto:jhyde@latech.edu
https://coes.latech.edu/facultystaff-directory/single-entry/name/ankunda-kiremire/
mailto:kiremire@latech.edu
https://coes.latech.edu/facultystaff-directory/single-entry/name/ron-lewis/
mailto:ronl@latech.edu
https://coes.latech.edu/facultystaff-directory/single-entry/name/manki-min/
mailto:mankimin@latech.edu
https://coes.latech.edu/facultystaff-directory/single-entry/name/nikolas-morgan/
mailto:nmorgan@latech.edu
https://coes.latech.edu/facultystaff-directory/single-entry/name/michael-oneal/
mailto:mike@latech.edu
https://coes.latech.edu/facultystaff-directory/single-entry/name/kyle-prather/
mailto:kprather@latech.edu
https://coes.latech.edu/facultystaff-directory/single-entry/name/marsha-smith-1/
mailto:msmith@latech.edu
https://coes.latech.edu/facultystaff-directory/single-entry/name/christian-smith/
mailto:crsmith@latech.edu
https://coes.latech.edu/facultystaff-directory/single-entry/name/john-spurgeon-1/
mailto:spurgeon@latech.edu
https://coes.latech.edu/facultystaff-directory/single-entry/name/shaurav-alam/
mailto:shaurav@latech.edu
https://coes.latech.edu/facultystaff-directory/single-entry/name/james-ballard/
mailto:wballard@latech.edu
https://coes.latech.edu/facultystaff-directory/single-entry/name/chelsea-marshall/
mailto:collins@latech.edu
https://coes.latech.edu/facultystaff-directory/single-entry/name/shaik-hussain/
mailto:hshaik@latech.edu
https://coes.latech.edu/facultystaff-directory/single-entry/name/arun-jaganathan/
mailto:arun@latech.edu
https://coes.latech.edu/facultystaff-directory/single-entry/name/reginald-jeter/
mailto:rjeter@latech.edu
https://coes.latech.edu/facultystaff-directory/single-entry/name/john-kraft/
mailto:jkraft@latech.edu
https://coes.latech.edu/facultystaff-directory/single-entry/name/richard-matkins/
mailto:rmatkins@latech.edu
https://coes.latech.edu/facultystaff-directory/single-entry/name/elizabeth-matthews/
mailto:ematt@latech.edu
https://coes.latech.edu/facultystaff-directory/single-entry/name/john-matthews/
mailto:matthews@latech.edu
https://coes.latech.edu/facultystaff-directory/single-entry/name/hadi-salehi/
mailto:hsalehi@latech.edu
https://coes.latech.edu/facultystaff-directory/single-entry/name/roya-solhmirzaei/
mailto:solhmirz@latech.edu
https://coes.latech.edu/facultystaff-directory/single-entry/name/xingran-jay-wang/
mailto:xwang@latech.edu
https://coes.latech.edu/facultystaff-directory/single-entry/name/nazimuddin-wasiuddin/
mailto:wasi@latech.edu
https://coes.latech.edu/facultystaff-directory/single-entry/name/leland-weiss/
mailto:lweiss@latech.edu
https://coes.latech.edu/facultystaff-directory/single-entry/name/miguel-gates/
mailto:mgates@latech.edu
https://coes.latech.edu/facultystaff-directory/single-entry/name/marsha-smith-1/
mailto:msmith@latech.edu
https://coes.latech.edu/facultystaff-directory/single-entry/name/prashanna-bhattarai/
mailto:pbhatt@latech.edu
https://coes.latech.edu/facultystaff-directory/single-entry/name/jinyuan-chen/
mailto:jinyuan@latech.edu
https://coes.latech.edu/facultystaff-directory/single-entry/name/arwa-fraiwan/
mailto:afraiwan@latech.edu
https://coes.latech.edu/facultystaff-directory/single-entry/name/dentcho-genov/
mailto:dgenov@latech.edu
https://coes.latech.edu/facultystaff-directory/single-entry/name/matthew-hartmann/
mailto:hartmann@latech.edu
https://coes.latech.edu/facultystaff-directory/single-entry/name/hamidreza-mirzaei/
https://coes.latech.edu/facultystaff-directory/single-entry/name/marsha-smith-1/
mailto:msmith@latech.edu
https://coes.latech.edu/facultystaff-directory/single-entry/name/lingxiao-wang/
mailto:lwang@latech.edu
https://coes.latech.edu/facultystaff-directory/single-entry/name/sandra-zivanovic/
mailto:sz@latech.edu
https://coes.latech.edu/facultystaff-directory/single-entry/name/beth-hegab/
mailto:bhegab@latech.edu
https://coes.latech.edu/facultystaff-directory/single-entry/name/jun-ing-ker/
mailto:ker@latech.edu
https://coes.latech.edu/facultystaff-directory/single-entry/name/john-matthews/
mailto:matthews@latech.edu
https://coes.latech.edu/facultystaff-directory/single-entry/name/ashley-osborne/
mailto:aosborne@latech.edu
https://coes.latech.edu/facultystaff-directory/single-entry/name/mary-caldorera-moore/
mailto:mcmoore@latech.edu
https://coes.latech.edu/facultystaff-directory/single-entry/name/stanley-cronk/
mailto:cronk@latech.edu
https://coes.latech.edu/facultystaff-directory/single-entry/name/john-easley/
mailto:jeasley@latech.edu
https://coes.latech.edu/facultystaff-directory/single-entry/name/mary-fendley-1/
mailto:Mfendley@latech.edu
https://coes.latech.edu/facultystaff-directory/single-entry/name/paul-hale/
mailto:phale@latech.edu
https://coes.latech.edu/facultystaff-directory/single-entry/name/beth-hegab/
mailto:bhegab@latech.edu
https://coes.latech.edu/facultystaff-directory/single-entry/name/jason-howell/
mailto:jhowell@latech.edu
https://coes.latech.edu/facultystaff-directory/single-entry/name/jun-ing-ker/
mailto:ker@latech.edu
https://coes.latech.edu/facultystaff-directory/single-entry/name/jonathan-niemirowski/
mailto:jonniemo@latech.edu
https://coes.latech.edu/facultystaff-directory/single-entry/name/ashley-osborne/
mailto:aosborne@latech.edu
https://coes.latech.edu/facultystaff-directory/single-entry/name/prashanna-bhattarai/
mailto:pbhatt@latech.edu
https://coes.latech.edu/facultystaff-directory/single-entry/name/mary-caldorera-moore/
mailto:mcmoore@latech.edu
https://coes.latech.edu/facultystaff-directory/single-entry/name/krystal-corbett/
mailto:kcorbett@latech.edu
https://coes.latech.edu/facultystaff-directory/single-entry/name/ron-gill-1/
mailto:rgill@latech.edu
https://coes.latech.edu/facultystaff-directory/single-entry/name/casey-kidd/
mailto:ckidd@latech.edu
https://coes.latech.edu/facultystaff-directory/single-entry/name/william-long/
mailto:long@latech.edu
https://coes.latech.edu/facultystaff-directory/single-entry/name/jonathan-niemirowski/
mailto:jonniemo@latech.edu
https://coes.latech.edu/facultystaff-directory/single-entry/name/ashley-osborne/
mailto:aosborne@latech.edu
https://coes.latech.edu/facultystaff-directory/single-entry/name/michael-theodos/
mailto:mtheodos@latech.edu
https://coes.latech.edu/facultystaff-directory/single-entry/name/matthew-young-young/
mailto:myoung@latech.edu
https://coes.latech.edu/facultystaff-directory/single-entry/name/brian-barron/
mailto:bbarron@latech.edu
https://coes.latech.edu/facultystaff-directory/single-entry/name/justin-biggs-1/
mailto:jbiggs@latech.edu
https://coes.latech.edu/facultystaff-directory/single-entry/name/stacey-black/
mailto:staceyb@latech.edu
https://coes.latech.edu/facultystaff-directory/single-entry/name/carl-boyet/
mailto:cboyet@latech.edu
https://coes.latech.edu/facultystaff-directory/single-entry/name/ann-clifton-1/
mailto:aclifton@latech.edu
https://coes.latech.edu/facultystaff-directory/single-entry/name/joseph-cortez/
mailto:jcortez@latech.edu
https://coes.latech.edu/facultystaff-directory/single-entry/name/steve-crow/
mailto:crow@latech.edu
https://coes.latech.edu/facultystaff-directory/single-entry/name/weizhong-dai/
mailto:dai@latech.edu
https://coes.latech.edu/facultystaff-directory/single-entry/name/allyson-donald/
mailto:adonald@latech.edu
https://coes.latech.edu/facultystaff-directory/single-entry/name/katie-evans/
mailto:kevans@latech.edu
https://coes.latech.edu/facultystaff-directory/single-entry/name/blake-farman/
mailto:bfarman@lateh.edu
https://coes.latech.edu/facultystaff-directory/single-entry/name/nathan-green/
mailto:ngreen@latech.edu
https://coes.latech.edu/facultystaff-directory/single-entry/name/songming-hou/
mailto:shou@latech.edu
https://coes.latech.edu/facultystaff-directory/single-entry/name/christopher-lin/
mailto:clin@latech.edu
https://coes.latech.edu/facultystaff-directory/single-entry/name/xiyuan-liu-1/
mailto:liuxyuan@latech.edu
https://coes.latech.edu/facultystaff-directory/single-entry/name/stacey-mcadams/
mailto:smcadams@latech.edu
https://coes.latech.edu/facultystaff-directory/single-entry/name/stan-mccaa/
mailto:smccaa@latech.edu
https://coes.latech.edu/facultystaff-directory/single-entry/name/allissa-owens/
mailto:agros@latech.edu
https://coes.latech.edu/facultystaff-directory/single-entry/name/nathan-ponder/
mailto:ponder@latech.edu
https://coes.latech.edu/facultystaff-directory/single-entry/name/stacy-potter/
mailto:spotter@latech.edu
https://coes.latech.edu/facultystaff-directory/single-entry/name/amanda-robertson/
https://coes.latech.edu/facultystaff-directory/single-entry/name/tonia-sharp/
mailto:tsharp@latech.edu
https://coes.latech.edu/facultystaff-directory/single-entry/name/christian-smith/
mailto:crsmith@latech.edu
https://coes.latech.edu/facultystaff-directory/single-entry/name/jason-terry/
mailto:jterry@latech.edu
https://coes.latech.edu/facultystaff-directory/single-entry/name/galen-turner/
mailto:gturner@latech.edu
https://coes.latech.edu/facultystaff-directory/single-entry/name/jonathan-walters/
mailto:walters@latech.edu
https://coes.latech.edu/facultystaff-directory/single-entry/name/rebecca-williams/
mailto:rebecca@latech.edu
https://coes.latech.edu/facultystaff-directory/single-entry/name/andrew-yepson/
mailto:ayepson@latech.edu
https://coes.latech.edu/facultystaff-directory/single-entry/name/weibo-zhang/
mailto:weibozhang@latech.edu
https://coes.latech.edu/facultystaff-directory/single-entry/name/prabhu-arumugam/
mailto:parumug@latech.edu
https://coes.latech.edu/facultystaff-directory/single-entry/name/henry-cardenas/
mailto:cardenas@latech.edu
https://coes.latech.edu/facultystaff-directory/single-entry/name/chelsea-marshall/
mailto:collins@latech.edu
https://coes.latech.edu/facultystaff-directory/single-entry/name/krystal-corbett/
mailto:kcorbett@latech.edu
https://coes.latech.edu/facultystaff-directory/single-entry/name/melvin-corley/
mailto:mcorley@latech.edu
https://coes.latech.edu/facultystaff-directory/single-entry/name/kelly-crittenden/
mailto:kellyc@latech.edu
https://coes.latech.edu/facultystaff-directory/single-entry/name/david-e-hall/
mailto:dehall@latech.edu
https://coes.latech.edu/facultystaff-directory/single-entry/name/hisham-hegab/
mailto:hhegab@latech.edu
https://coes.latech.edu/facultystaff-directory/single-entry/name/william-long/
mailto:long@latech.edu
https://coes.latech.edu/facultystaff-directory/single-entry/name/arden-moore/
mailto:amoore@latech.edu
https://coes.latech.edu/facultystaff-directory/single-entry/name/shafiqur-rahman/
mailto:srahman@latech.edu
https://coes.latech.edu/facultystaff-directory/single-entry/name/timothy-reeves/
mailto:treeves@latech.edu
https://coes.latech.edu/facultystaff-directory/single-entry/name/louis-reis/
mailto:lgreis@latech.edu
https://coes.latech.edu/facultystaff-directory/single-entry/name/michael-swanbom/
mailto:mswanbom@latech.edu
https://coes.latech.edu/facultystaff-directory/single-entry/name/leland-weiss/
mailto:lweiss@latech.edu
https://coes.latech.edu/facultystaff-directory/single-entry/name/thomas-bishop/
mailto:bishop@latech.edu
https://coes.latech.edu/facultystaff-directory/single-entry/name/mary-caldorera-moore/
mailto:mcmoore@latech.edu
https://coes.latech.edu/facultystaff-directory/single-entry/name/mark-decoster/
mailto:decoster@latech.edu
https://coes.latech.edu/facultystaff-directory/single-entry/name/pedro-derosa/
mailto:pderosa@latech.edu
https://coes.latech.edu/facultystaff-directory/single-entry/name/sven-eklund/
mailto:seklund@latech.edu
https://coes.latech.edu/facultystaff-directory/single-entry/name/elisabeth-fatila/
mailto:efatila@latech.edu
https://coes.latech.edu/facultystaff-directory/single-entry/name/arun-jaganathan/
mailto:arun@latech.edu
https://coes.latech.edu/facultystaff-directory/single-entry/name/yuri-lvov/
mailto:ylvov@latech.edu
https://coes.latech.edu/facultystaff-directory/single-entry/name/james-palmer/
mailto:jpalmer@latech.edu
https://coes.latech.edu/facultystaff-directory/single-entry/name/scott-poh/
mailto:spoh@latech.edu
https://coes.latech.edu/facultystaff-directory/single-entry/name/b-ramachandran/
mailto:ramu@latech.edu
https://coes.latech.edu/facultystaff-directory/single-entry/name/shengnian-wang/
mailto:swang@latech.edu
https://coes.latech.edu/facultystaff-directory/single-entry/name/nazimuddin-wasiuddin/
mailto:wasi@latech.edu
https://coes.latech.edu/facultystaff-directory/single-entry/name/leland-weiss/
mailto:lweiss@latech.edu
https://coes.latech.edu/facultystaff-directory/single-entry/name/collin-wick/
mailto:cwick@latech.edu
https://coes.latech.edu/facultystaff-directory/single-entry/name/rakhita-beminiwattha/
mailto:rakithab@latech.edu
https://coes.latech.edu/facultystaff-directory/single-entry/name/thomas-bishop/
mailto:bishop@latech.edu
https://coes.latech.edu/facultystaff-directory/single-entry/name/pedro-derosa/
mailto:pderosa@latech.edu
https://coes.latech.edu/facultystaff-directory/single-entry/name/dentcho-genov/
mailto:dgenov@latech.edu
https://coes.latech.edu/facultystaff-directory/single-entry/name/carla-offill/
mailto:khinton@latech.edu
https://coes.latech.edu/facultystaff-directory/single-entry/name/yuri-lvov/
mailto:ylvov@latech.edu
https://coes.latech.edu/facultystaff-directory/single-entry/name/lee-sawyer/
mailto:sawyer@latech.edu
https://coes.latech.edu/facultystaff-directory/single-entry/name/john-shaw/
mailto:jshaw@latech.edu
https://coes.latech.edu/facultystaff-directory/single-entry/name/neven-simicevic/
mailto:neven@latech.edu
https://coes.latech.edu/facultystaff-directory/single-entry/name/andrew-stroud/
mailto:astroud@latech.edu
https://coes.latech.edu/facultystaff-directory/single-entry/name/buddhini-waidyawansa/
mailto:buddhini@latech.edu
https://coes.latech.edu/facultystaff-directory/single-entry/name/steven-wells/
mailto:steve@latech.edu
https://coes.latech.edu/facultystaff-directory/single-entry/name/markus-wobisch/
mailto:wobisch@latech.edu
https://coes.latech.edu/facultystaff-directory/single-entry/name/thomas-bishop/
mailto:bishop@latech.edu
https://coes.latech.edu/facultystaff-directory/single-entry/name/weizhong-dai/
mailto:dai@latech.edu
https://coes.latech.edu/facultystaff-directory/single-entry/name/pedro-derosa/
mailto:pderosa@latech.edu
https://coes.latech.edu/facultystaff-directory/single-entry/name/dentcho-genov/
mailto:dgenov@latech.edu
https://coes.latech.edu/facultystaff-directory/single-entry/name/songming-hou/
mailto:shou@latech.edu
https://coes.latech.edu/facultystaff-directory/single-entry/name/arun-jaganathan/
mailto:arun@latech.edu
https://coes.latech.edu/facultystaff-directory/single-entry/name/b-ramachandran/
mailto:ramu@latech.edu
https://coes.latech.edu/facultystaff-directory/single-entry/name/lee-sawyer/
mailto:sawyer@latech.edu
https://coes.latech.edu/facultystaff-directory/single-entry/name/john-shaw/
mailto:jshaw@latech.edu
https://coes.latech.edu/facultystaff-directory/single-entry/name/neven-simicevic/
mailto:neven@latech.edu
https://coes.latech.edu/facultystaff-directory/single-entry/name/fredda-wagner/
mailto:fredda@latech.edu
https://coes.latech.edu/facultystaff-directory/single-entry/name/steven-wells/
mailto:steve@latech.edu
https://coes.latech.edu/facultystaff-directory/single-entry/name/collin-wick/
mailto:cwick@latech.edu
https://coes.latech.edu/facultystaff-directory/single-entry/name/markus-wobisch/
mailto:wobisch@latech.edu
https://coes.latech.edu/facultystaff-directory/single-entry/name/prabhu-arumugam/
mailto:parumug@latech.edu
https://coes.latech.edu/facultystaff-directory/single-entry/name/thomas-bishop/
mailto:bishop@latech.edu
https://coes.latech.edu/facultystaff-directory/single-entry/name/mary-caldorera-moore/
mailto:mcmoore@latech.edu
https://coes.latech.edu/facultystaff-directory/single-entry/name/william-campbell/
mailto:campbell@latech.edu
https://coes.latech.edu/facultystaff-directory/single-entry/name/mark-decoster/
mailto:decoster@latech.edu
https://coes.latech.edu/facultystaff-directory/single-entry/name/sven-eklund/
mailto:seklund@latech.edu
https://coes.latech.edu/facultystaff-directory/single-entry/name/rebecca-mcconnell/
mailto:rgiorno@latech.edu
https://coes.latech.edu/facultystaff-directory/single-entry/name/bryant-hollins/
mailto:bhollins@latech.edu
https://coes.latech.edu/facultystaff-directory/single-entry/name/steven-jones/
mailto:sajones@latech.edu
https://coes.latech.edu/facultystaff-directory/single-entry/name/xiyuan-liu-1/
mailto:liuxyuan@latech.edu
https://coes.latech.edu/facultystaff-directory/single-entry/name/xuan-liu/
mailto:xliu@latech.edu
https://coes.latech.edu/facultystaff-directory/single-entry/name/yuri-lvov/
mailto:ylvov@latech.edu
https://coes.latech.edu/facultystaff-directory/single-entry/name/teresa-murray/
mailto:tmurray@latech.edu
https://coes.latech.edu/facultystaff-directory/single-entry/name/gergana-nestorova/
mailto:ggnestor@latech.edu
https://coes.latech.edu/facultystaff-directory/single-entry/name/andrew-peters-1/
mailto:apeters@latech.edu
https://coes.latech.edu/facultystaff-directory/single-entry/name/scott-poh/
mailto:spoh@latech.edu
https://coes.latech.edu/facultystaff-directory/single-entry/name/shabnam-siddiqui/
mailto:shabnam@latech.edu
https://coes.latech.edu/facultystaff-directory/single-entry/name/shengnian-wang/
mailto:swang@latech.edu
https://coes.latech.edu/facultystaff-directory/single-entry/name/prabhu-arumugam/
mailto:parumug@latech.edu
https://coes.latech.edu/facultystaff-directory/single-entry/name/davis-bailey/
mailto:dbailey@latech.edu
https://coes.latech.edu/facultystaff-directory/single-entry/name/mark-decoster/
mailto:decoster@latech.edu
https://coes.latech.edu/facultystaff-directory/single-entry/name/pedro-derosa/
mailto:pderosa@latech.edu
https://coes.latech.edu/facultystaff-directory/single-entry/name/lori-gaskin/
mailto:lgaskin@latech.edu
https://coes.latech.edu/facultystaff-directory/single-entry/name/kallum-koczkur/
https://coes.latech.edu/facultystaff-directory/single-entry/name/mark-lowe/
mailto:mlowe@latech.edu
https://coes.latech.edu/facultystaff-directory/single-entry/name/yuri-lvov/
mailto:ylvov@latech.edu
https://coes.latech.edu/facultystaff-directory/single-entry/name/joan-lynam/
mailto:lynam@latech.edu
https://coes.latech.edu/facultystaff-directory/single-entry/name/daniela-mainardi/
mailto:mainardi@latech.edu
https://coes.latech.edu/facultystaff-directory/single-entry/name/arden-moore/
mailto:amoore@latech.edu
https://coes.latech.edu/facultystaff-directory/single-entry/name/erica-murray/
mailto:emurray@latech.edu
https://coes.latech.edu/facultystaff-directory/single-entry/name/andrew-peters-1/
mailto:apeters@latech.edu
https://coes.latech.edu/facultystaff-directory/single-entry/name/scott-poh/
mailto:spoh@latech.edu
https://coes.latech.edu/facultystaff-directory/single-entry/name/shafiqur-rahman/
mailto:srahman@latech.edu
https://coes.latech.edu/facultystaff-directory/single-entry/name/b-ramachandran/
mailto:ramu@latech.edu
https://coes.latech.edu/facultystaff-directory/single-entry/name/hadi-salehi/
mailto:hsalehi@latech.edu
https://coes.latech.edu/facultystaff-directory/single-entry/name/roya-solhmirzaei/
mailto:solhmirz@latech.edu
https://coes.latech.edu/facultystaff-directory/single-entry/name/shengnian-wang/
mailto:swang@latech.edu
https://coes.latech.edu/facultystaff-directory/single-entry/name/leland-weiss/
mailto:lweiss@latech.edu
https://coes.latech.edu/facultystaff-directory/single-entry/name/deborah-wood/
mailto:dwood@latech.edu
https://coes.latech.edu/facultystaff-directory/single-entry/name/yang-xiao/
mailto:yxiao@latech.edu
https://coes.latech.edu/facultystaff-directory/single-entry/name/sandra-zivanovic/
mailto:sz@latech.edu
https://coes.latech.edu/facultystaff-directory/single-entry/name/kelly-crittenden/
mailto:kellyc@latech.edu
https://coes.latech.edu/facultystaff-directory/single-entry/name/steve-crow/
mailto:crow@latech.edu
https://coes.latech.edu/facultystaff-directory/single-entry/name/michael-swanbom/
mailto:mswanbom@latech.edu
https://coes.latech.edu/facultystaff-directory/single-entry/name/shaurav-alam/
mailto:shaurav@latech.edu
https://coes.latech.edu/facultystaff-directory/single-entry/name/jason-howell/
mailto:jhowell@latech.edu
https://coes.latech.edu/facultystaff-directory/single-entry/name/shaik-hussain/
mailto:hshaik@latech.edu
https://coes.latech.edu/facultystaff-directory/single-entry/name/carrie-kelly/
mailto:ckelly@latech.edu
https://coes.latech.edu/facultystaff-directory/single-entry/name/john-matthews/
mailto:matthews@latech.edu
https://coes.latech.edu/facultystaff-directory/single-entry/name/fredda-wagner/
mailto:fredda@latech.edu
https://coes.latech.edu/facultystaff-directory/single-entry/name/quade-wells/
https://coes.latech.edu/facultystaff-directory/single-entry/name/henry-cardenas/
mailto:cardenas@latech.edu
https://coes.latech.edu/facultystaff-directory/single-entry/name/mary-fendley-1/
mailto:Mfendley@latech.edu
https://coes.latech.edu/facultystaff-directory/single-entry/name/miguel-gates/
mailto:mgates@latech.edu
https://coes.latech.edu/facultystaff-directory/single-entry/name/beth-hegab/
mailto:bhegab@latech.edu
https://coes.latech.edu/facultystaff-directory/single-entry/name/jun-ing-ker/
mailto:ker@latech.edu
https://coes.latech.edu/facultystaff-directory/single-entry/name/joan-lynam/
mailto:lynam@latech.edu
https://coes.latech.edu/facultystaff-directory/single-entry/name/elizabeth-matthews/
mailto:ematt@latech.edu
https://www.latech.edu/admissions/
https://www.latech.edu/admissions/visit/
https://www.latech.edu/academic-programs/
https://ulsltu.wd1.myworkdayjobs.com/LATECHCareers?utm_source=link&utm_medium=website&utm_campaign=footer
https://www.latech.edu/contact/
https://cm.maxient.com/reportingform.php?LouisianaTech
https://titleix.latech.edu/data-publications/
https://www.facebook.com/latech/
https://www.instagram.com/louisianatech/
https://www.youtube.com/louisianatech/
https://twitter.com/latech/
https://www.latech.edu/
https://www.latech.edu/current-students/student-advancement-affairs/disability-services/
https://www.latech.edu/accessibility/
https://www.latech.edu/privacy/
https://www.latech.edu/eeo-statement/
https://titleix.latech.edu/
mailto:web@latech.edu
https://www.ulsystem.edu/
coes_end
